patient_id,slice_index,target_nonzero_fraction,is_nonblank,before_psnr,before_ssim,after_psnr,after_ssim,psnr_gain,ssim_gain
BraTS-GLI-00565-000,53,0.2488715277777777,True,24.1180048252674,0.6589953676389932,30.99460303812773,0.9536651429122268,6.876598212860333,0.29466977527323357
BraTS-GLI-00565-000,54,0.2513888888888889,True,24.4100937666374,0.6623241253129792,31.07377902527539,0.95015433634353,6.66368525863799,0.28783021103055073
BraTS-GLI-00565-000,51,0.2306076388888888,True,24.890577328714368,0.6697416990148336,31.16921002495385,0.9566611185295472,6.27863269623948,0.28691941951471356
BraTS-GLI-00518-000,45,0.2564236111111111,True,25.17050102083045,0.6727836595831941,31.19952582568958,0.9590087497455974,6.02902480485913,0.2862250901624033
BraTS-GLI-00558-000,53,0.2940972222222222,True,24.72143019662241,0.6471852589555692,31.227059791066885,0.9579512576771052,6.505629594444475,0.310765998721536
