case_id,slice_index,psnr_db,ssim,mae,rmse
BraTS-GLI-00000-000,77,27.299690,0.700569,49.191940,99.080315
BraTS-GLI-00177-000,77,29.690010,0.728005,26.347919,49.583641
BraTS-GLI-00401-000,77,27.206305,0.714212,40.900558,78.690315
BraTS-GLI-00576-000,77,30.384976,0.757940,64.998672,128.630646
BraTS-GLI-00739-000,77,30.517022,0.768902,29.901352,58.488327
